{
   "name": "Ar_III-7136_mask_bin_4",
   "results_1sig": {
      "sig2": [
         8.24485846062363,
         0.5640264706540528,
         0.16528783171427364
      ],
      "r0": [
         0.041475460177736706,
         0.0025575112016364143,
         0.0028692327214127414
      ],
      "m": [
         1.2879720274648583,
         0.06908246812570007,
         0.115131727780319
      ],
      "s0": [
         0.0002227581130711039,
         0.0020495709228257235,
         -0.0002449687411930159
      ],
      "noise": [
         0.8208747250030117,
         0.29013368467515566,
         0.02783283569690742
      ]
   },
   "results_2sig": {
      "sig2": [
         8.24485846062363,
         0.9594635183904963,
         0.48199840606909294
      ],
      "r0": [
         0.041475460177736706,
         0.005216467742165873,
         0.005364915897660978
      ],
      "m": [
         1.2879720274648583,
         0.1607651486169861,
         0.205050135979701
      ],
      "s0": [
         0.0002227581130711039,
         0.0035354613478120528,
         -1.6765280085663233e-05
      ],
      "noise": [
         0.8208747250030117,
         0.4143444769869449,
         0.1977687585100285
      ]
   },
   "LM": {
      "sig2": [
         8.24485846062363,
         10.463631678708833
      ],
      "r0": [
         0.041475460177736706,
         0.0057518823931865465
      ],
      "m": [
         1.2879720274648583,
         0.5008562804431316
      ],
      "s0": [
         0.0002227581130711039,
         0.0801849562688942
      ],
      "noise": [
         0.8208747250030117,
         11.182447838070518
      ]
   },
   "MCMC": {
      "sig2": [
         8.425813182922155,
         0.3584022846388306
      ],
      "r0": [
         0.041187310302541594,
         0.002664093640835044
      ],
      "m": [
         1.2623030621949716,
         0.09068616304386967
      ],
      "s0": [
         0.00110582383493387,
         0.0008782011029273467
      ],
      "noise": [
         0.9561457313066317,
         0.15655182785730654
      ]
   },
   "properties": {
      "pix": 0.8,
      "pc": 0.0019877360925490972,
      "box_size": 0.6107940098365603,
      "s0": 0.0007596443665792729,
      "sig2": 8.958274674907026
   },
   "B": [
      1.0020136243148132,
      1.524107501656638,
      1.685522282419252,
      1.8530359323012564,
      2.0652129839371813,
      2.2070589819370503,
      2.3854621018379776,
      2.6213690734541193,
      2.8328091385691083,
      3.109985360174029,
      3.3996106130071495,
      3.774725035243189,
      4.153814893295248,
      4.572600184912108,
      5.067647794747348,
      5.6322622369186615,
      6.231190227446836,
      6.942031447820139,
      7.726289888889427,
      8.560820994434955,
      9.43878576482789,
      10.353850871397956,
      11.270735334104351,
      12.20659166921968,
      13.165981655058708,
      14.089180774761811,
      15.013499828580795,
      15.993726388853823,
      16.954925992474028,
      17.842763013038695,
      18.543557163510975,
      19.399865264718137,
      20.389581998581686,
      20.85600038085507,
      20.869539705691867,
      20.92873004270793,
      20.582997626108337,
      19.819689174137352,
      17.83067666757151,
      14.380811943332851,
      13.508497034404252,
      12.338134562585195,
      11.379716319762634,
      3.66692704962125
   ],
   "r": [
      0.002336411431904836,
      0.005028618751822718,
      0.0056422030391939946,
      0.006330655932894286,
      0.007103112784543602,
      0.007969823627246127,
      0.008942289187301966,
      0.010033413491857714,
      0.011257675097506659,
      0.012631319211938125,
      0.01417257325797351,
      0.015901888740392778,
      0.017842212624977302,
      0.020019291830804014,
      0.022462014876218645,
      0.025202795211922556,
      0.02827800132777026,
      0.031728439340533654,
      0.03559989446627919,
      0.0399437385623676,
      0.044817611800789435,
      0.05028618751822717,
      0.056422030391939944,
      0.06330655932894287,
      0.07103112784543603,
      0.0796982362724613,
      0.08942289187301966,
      0.10033413491857714,
      0.1125767509750666,
      0.12631319211938127,
      0.14172573257973514,
      0.15901888740392778,
      0.17842212624977313,
      0.20019291830804015,
      0.22462014876218633,
      0.2520279521192256,
      0.2827800132777026,
      0.31728439340533676,
      0.35599894466279186,
      0.3994373856236762,
      0.44817611800789425,
      0.5028618751822718,
      0.5642203039193997,
      0.6330655932894287
   ],
   "preres": {
      "sig2": 8.958274674907026
   },
   "SFresults": {
      "log10 r": [
         0.0,
         0.05,
         0.1,
         0.15000000000000002,
         0.2,
         0.25,
         0.30000000000000004,
         0.35000000000000003,
         0.4,
         0.45,
         0.5,
         0.55,
         0.6000000000000001,
         0.65,
         0.7000000000000001,
         0.75,
         0.8,
         0.8500000000000001,
         0.9,
         0.9500000000000001,
         1.0,
         1.05,
         1.1,
         1.1500000000000001,
         1.2000000000000002,
         1.25,
         1.3,
         1.35,
         1.4000000000000001,
         1.4500000000000002,
         1.5,
         1.55,
         1.6,
         1.6500000000000001,
         1.7000000000000002,
         1.75,
         1.8,
         1.85,
         1.9000000000000001,
         1.9500000000000002,
         2.0,
         2.0500000000000003,
         2.1,
         2.15,
         2.2,
         2.25,
         2.3000000000000003,
         2.35,
         2.4000000000000004,
         2.45,
         2.5,
         2.5500000000000003,
         2.6,
         2.6500000000000004
      ],
      "Sum dv^2": [
         56874.39212871641,
         0.0,
         0.0,
         172471.45178603436,
         0.0,
         0.0,
         503659.89343959576,
         0.0,
         0.0,
         357468.2415883331,
         486984.35303683067,
         536142.7262478926,
         1026498.5198779425,
         1462742.856624075,
         1385381.9582567962,
         2046316.1838954685,
         3860781.206443035,
         3493068.9613502417,
         5477782.044098606,
         8009924.553624535,
         13082426.928245703,
         14584783.469410622,
         20320845.561357915,
         31606488.545776658,
         39272660.65463539,
         56416928.37812387,
         81329556.86178593,
         109875058.57476388,
         148393331.04328248,
         200809732.96256816,
         286227102.8913169,
         361965278.08095765,
         510373808.04381156,
         662419403.0438493,
         878473791.9389541,
         1135938242.1772306,
         1458835509.2069016,
         1891908211.0266676,
         2346346389.064401,
         2894914353.373716,
         3582467078.771961,
         4350356326.07759,
         5155578934.338928,
         5800622843.016521,
         6355530714.423148,
         6575805817.908889,
         6301260638.679566,
         5216760888.532395,
         3385793240.6598215,
         2080265910.4816144,
         719971546.1683036,
         85055857.49773833,
         822253.386971821,
         0.0
      ],