{
   "name": "H_I-6563_mask_bin_4",
   "results_1sig": {
      "sig2": [
         9.058604902820788,
         0.5440482828229616,
         0.2278155105595978
      ],
      "r0": [
         0.040394922688061496,
         0.0027048836942934265,
         0.0024055914833631467
      ],
      "m": [
         1.2401064719389907,
         0.057333289843744195,
         0.09748031831431803
      ],
      "s0": [
         0.00029578601716757,
         0.0014012396991054865,
         -0.00010472310286324243
      ],
      "noise": [
         0.4933041433907277,
         0.2487568553777567,
         0.03633772975989974
      ]
   },
   "results_2sig": {
      "sig2": [
         9.058604902820788,
         0.9357265337925096,
         0.5660681935756351
      ],
      "r0": [
         0.040394922688061496,
         0.005405393818533909,
         0.004665676450089168
      ],
      "m": [
         1.2401064719389907,
         0.12984636168136565,
         0.1770490791899837
      ],
      "s0": [
         0.00029578601716757,
         0.002485397875649542,
         6.487635331465464e-05
      ],
      "noise": [
         0.4933041433907277,
         0.3631785150621619,
         0.18895001283210178
      ]
   },
   "LM": {
      "sig2": [
         9.058604902820788,
         5.025892223925466
      ],
      "r0": [
         0.040394922688061496,
         0.005356560028754848
      ],
      "m": [
         1.2401064719389907,
         0.24719050955855737
      ],
      "s0": [
         0.00029578601716757,
         0.03839401510173133
      ],
      "noise": [
         0.4933041433907277,
         7.441985437817274
      ]
   },
   "MCMC": {
      "sig2": [
         9.200720008321376,
         0.37931963777803723
      ],
      "r0": [
         0.04041912746783497,
         0.002510042541830751
      ],
      "m": [
         1.2179981143014085,
         0.07616779553164266
      ],
      "s0": [
         0.0008732318809775525,
         0.0006323417123986441
      ],
      "noise": [
         0.6016171027582657,
         0.14062000779471218
      ]
   },
   "properties": {
      "pix": 0.8,
      "pc": 0.0019877360925490972,
      "box_size": 0.4834069558258269,
      "s0": 0.0007596443665792729,
      "sig2": 9.002060841218926
   },
   "B": [
      0.7482899951282342,
      1.3818744022971419,
      1.573472381374888,
      1.7743590825840077,
      2.021512619373972,
      2.15589032598714,
      2.383035699265182,
      2.6526720030130195,
      2.9064759454027382,
      3.2062763947934005,
      3.547840425772278,
      3.967967607958292,
      4.382780800696578,
      4.833810779321105,
      5.351955563890394,
      5.941128821395007,
      6.558200097471244,
      7.28991797257479,
      8.075673559144516,
      8.900545433655495,
      9.792118372735228,
      10.763340598020845,
      11.778772210816378,
      12.901203243034994,
      14.17286414105225,
      15.577354502560478,
      17.10971662866357,
      18.70339794108876,
      20.320223937541325,
      21.88986813128284,
      23.121829177556243,
      23.792732795875235,
      23.394577541645862,
      21.290304109944106,
      18.183517205551546,
      15.364057271864148,
      13.886975791998847,
      15.575744820069762,
      18.09694145455911,
      19.759835831690918,
      29.687768535407244
   ],
   "r": [
      0.002336411431904836,
      0.005028618751822718,
      0.0056422030391939946,
      0.006330655932894286,
      0.007103112784543602,
      0.007969823627246127,
      0.008942289187301966,
      0.010033413491857714,
      0.011257675097506659,
      0.012631319211938125,
      0.01417257325797351,
      0.015901888740392778,
      0.017842212624977302,
      0.020019291830804014,
      0.022462014876218645,
      0.025202795211922556,
      0.02827800132777026,
      0.031728439340533654,
      0.03559989446627919,
      0.0399437385623676,
      0.044817611800789435,
      0.05028618751822717,
      0.056422030391939944,
      0.06330655932894287,
      0.07103112784543603,
      0.0796982362724613,
      0.08942289187301966,
      0.10033413491857714,
      0.1125767509750666,
      0.12631319211938127,
      0.14172573257973514,
      0.15901888740392778,
      0.17842212624977313,
      0.20019291830804015,
      0.22462014876218633,
      0.2520279521192256,
      0.2827800132777026,
      0.31728439340533676,
      0.35599894466279186,
      0.3994373856236762,
      0.44817611800789425
   ],
   "preres": {
      "sig2": 9.002060841218926
   },
   "SFresults": {
      "log10 r": [
         0.0,
         0.05,
         0.1,
         0.15000000000000002,
         0.2,
         0.25,
         0.30000000000000004,
         0.35000000000000003,
         0.4,
         0.45,
         0.5,
         0.55,
         0.6000000000000001,
         0.65,
         0.7000000000000001,
         0.75,
         0.8,
         0.8500000000000001,
         0.9,
         0.9500000000000001,
         1.0,
         1.05,
         1.1,
         1.1500000000000001,
         1.2000000000000002,
         1.25,
         1.3,
         1.35,
         1.4000000000000001,
         1.4500000000000002,
         1.5,
         1.55,
         1.6,
         1.6500000000000001,
         1.7000000000000002,
         1.75,
         1.8,
         1.85,
         1.9000000000000001,
         1.9500000000000002,
         2.0,
         2.0500000000000003,
         2.1,
         2.15,
         2.2,
         2.25,
         2.3000000000000003,
         2.35,
         2.4000000000000004,
         2.45,
         2.5,
         2.5500000000000003
      ],
      "Sum dv^2": [
         16414.65794275332,
         0.0,
         0.0,
         57683.98995341147,
         0.0,
         0.0,
         187224.2685360801,
         0.0,
         0.0,
         142029.70758038916,
         198640.29970700725,
         224723.3255079615,
         440500.61148322315,
         640176.6593285882,
         603375.4932049988,
         910391.1281902776,
         1736126.0778759671,
         1589339.5217967432,
         2501023.838994644,
         3696023.076835509,
         6068692.986931179,
         6774223.230692661,
         9430832.503806386,
         14607713.147371463,
         18050064.293236528,
         25759173.737045698,
         36835882.61624069,
         49227359.77921721,
         65655193.81099536,
         87972313.12370631,
         124445076.66719992,
         156220748.6274698,
         218863507.41392985,
         283331711.24475527,
         377305848.40101695,
         490371562.00018215,
         625419519.7336417,
         797376417.9884803,
         967834120.2437043,
         1151481590.4291952,
         1310993329.2522814,
         1369808919.3898182,
         1300917739.1125588,
         1105635326.0643468,
         895083658.0286986,
         717510251.6095066,
         606873773.609449,
         368285625.5256521,
         95789578.32276557,
         4740631.943039435,
         0.0,
         0.0
      ],