{
   "name": "H_I-6563",
   "results_1sig": {
      "sig2": [
         79.57095857995365,
         11.055525462471152,
         27.160208189646504
      ],
      "r0": [
         0.9422278644870056,
         0.2161793556335846,
         0.527354784659983
      ],
      "m": [
         0.6277562600052556,
         0.10680735399521324,
         0.016998885619057047
      ],
      "s0": [
         0.0002073433158935256,
         0.0008681915449260348,
         -6.475431069884169e-05
      ],
      "noise": [
         40.197802207079924,
         1.996353738865288,
         0.1552191330586581
      ]
   },
   "results_2sig": {
      "sig2": [
         79.57095857995365,
         22.508562850202466,
         46.527693888797934
      ],
      "r0": [
         0.9422278644870056,
         0.32148928895208273,
         0.7689410606853226
      ],
      "m": [
         0.6277562600052556,
         0.20668538809625936,
         0.06758939844244183
      ],
      "s0": [
         0.0002073433158935256,
         0.0025929183968761748,
         -2.5381418807548747e-06
      ],
      "noise": [
         40.197802207079924,
         2.9166078281476615,
         1.2698316393720006
      ]
   },
   "LM": {
      "sig2": [
         79.57095857995365,
         null
      ],
      "r0": [
         0.9422278644870056,
         null
      ],
      "m": [
         0.6277562600052556,
         null
      ],
      "s0": [
         0.0002073433158935256,
         null
      ],
      "noise": [
         40.197802207079924,
         null
      ]
   },
   "MCMC": {
      "sig2": [
         74.5200823832985,
         18.932971470915266
      ],
      "r0": [
         0.8233976564103924,
         0.3689001794003297
      ],
      "m": [
         0.6670998047149517,
         0.060714787187681196
      ],
      "s0": [
         0.0004727910386356978,
         0.0003844502405025755
      ],
      "noise": [
         41.12283685244938,
         1.0607685645692762
      ]
   },
   "properties": {
      "pix": 0.2,
      "pc": 0.0019877360925490972,
      "box_size": 0.6418406922107823
   },
   "B": [
      32.662346200494085,
      43.97245420003053,
      43.78814346698092,
      43.97516673859155,
      44.28103274493021,
      44.03999578585988,
      44.26267505331584,
      44.541435458488145,
      44.525132574069616,
      44.661549786080485,
      44.829929151119735,
      45.01500177742772,
      45.133950181516504,
      45.364093232628015,
      45.54120844702237,
      45.76812654700765,
      45.99392371316232,
      46.2450420557192,
      46.485116316480415,
      46.81834305474666,
      47.17713590178716,
      47.54856975039656,
      47.98223991181615,
      48.45422772826446,
      48.968453320295495,
      49.3728142366823,
      50.10197929069296,
      50.89878410450263,
      51.59426315296324,
      52.4104904279546,
      53.220833747762775,
      54.332974819480214,
      55.452196869217836,
      56.65006379522805,
      57.869269675149994,
      59.32820734070236,
      60.97817220673735,
      62.710716234056704,
      64.64455962824648,
      66.83980863292075,
      69.33613327545963,
      72.04917942960523,
      75.1331443335712,
      78.42782603932297,
      82.08745631147212,
      83.69951209397288,
      82.61187071167473,
      84.67894100150153,
      79.39661841871781,
      64.7807721079424,
      43.77033483389389,
      30.3110874445117,
      23.567511079429238,
      22.24650235371214,
      21.456489037954718,
      21.171862054932948,
      17.54828387024373
   ],
   "r": [
      0.0007181872172370906,
      0.0014105507597984986,
      0.0015826639832235716,
      0.0017757781961359005,
      0.001992455906811532,
      0.0022355722968254916,
      0.0025083533729644285,
      0.0028144187743766647,
      0.0031578298029845313,
      0.0035431433144933774,
      0.0039754721850981944,
      0.0044605531562443256,
      0.0050048229577010035,
      0.005615503719054661,
      0.006300698802980639,
      0.007069500331942565,
      0.007932109835133414,
      0.008899973616569797,
      0.0099859346405919,
      0.011204402950197359,
      0.012571546879556793,
      0.014105507597984986,
      0.015826639832235718,
      0.017757781961359007,
      0.019924559068115324,
      0.022355722968254915,
      0.025083533729644284,
      0.02814418774376665,
      0.03157829802984532,
      0.035431433144933785,
      0.039754721850981944,
      0.04460553156244328,
      0.05004822957701004,
      0.05615503719054658,
      0.0630069880298064,
      0.07069500331942564,
      0.07932109835133419,
      0.08899973616569797,
      0.09985934640591905,
      0.11204402950197356,
      0.12571546879556794,
      0.14105507597984993,
      0.15826639832235717,
      0.17757781961359018,
      0.19924559068115325,
      0.22355722968254915,
      0.250835337296443,
      0.28144187743766647,
      0.31578298029845336,
      0.3543143314493378,
      0.39754721850981944,
      0.4460553156244328,
      0.5004822957701004,
      0.5615503719054664,
      0.6300698802980639,
      0.7069500331942565,
      0.793210983513342
   ],
   "preres": {
      "sig2": 29.582380881693016
   },
   "SFresults": {
      "log10 r": [
         0.0,
         0.05,
         0.1,
         0.15000000000000002,
         0.2,
         0.25,
         0.30000000000000004,
         0.35000000000000003,
         0.4,
         0.45,
         0.5,
         0.55,
         0.6000000000000001,
         0.65,
         0.7000000000000001,
         0.75,
         0.8,
         0.8500000000000001,
         0.9,
         0.9500000000000001,
         1.0,
         1.05,
         1.1,
         1.1500000000000001,
         1.2000000000000002,
         1.25,
         1.3,
         1.35,
         1.4000000000000001,
         1.4500000000000002,
         1.5,
         1.55,
         1.6,
         1.6500000000000001,
         1.7000000000000002,
         1.75,
         1.8,
         1.85,
         1.9000000000000001,
         1.9500000000000002,
         2.0,
         2.0500000000000003,
         2.1,
         2.15,
         2.2,
         2.25,
         2.3000000000000003,
         2.35,
         2.4000000000000004,
         2.45,
         2.5,
         2.5500000000000003,
         2.6,
         2.6500000000000004,
         2.7,
         2.75,
         2.8000000000000003,
         2.85,
         2.9000000000000004,
         2.95,
         3.0,
         3.0500000000000003,
         3.1,
         3.1500000000000004,
         3.2,
         3.25,
         3.3000000000000003
      ],