{
   "name": "H_I-6563_mask",
   "results_1sig": {
      "sig2": [
         9.745202827952767,
         0.5058419394901126,
         0.23288827316366323
      ],
      "r0": [
         0.04156408735534528,
         0.002666925351054672,
         0.002272796387015774
      ],
      "m": [
         1.2366858616721181,
         0.06670910889490411,
         0.09042449753786697
      ],
      "s0": [
         0.00019877361058269634,
         0.0008973427216348898,
         -0.00010331245498195786
      ],
      "noise": [
         2.6131628336377504,
         0.2424414798594503,
         0.053086424415779376
      ]
   },
   "results_2sig": {
      "sig2": [
         9.745202827952767,
         0.8664784577322795,
         0.5659995494100727
      ],
      "r0": [
         0.04156408735534528,
         0.005215198766624213,
         0.004513147916158519
      ],
      "m": [
         1.2366858616721181,
         0.14289983516126936,
         0.16353883419585524
      ],
      "s0": [
         0.00019877361058269634,
         0.0016731916897893232,
         -1.529992464533304e-05
      ],
      "noise": [
         2.6131628336377504,
         0.36521672581656395,
         0.20434574642184566
      ]
   },
   "LM": {
      "sig2": [
         9.745202827952767,
         0.8035175566172698
      ],
      "r0": [
         0.04156408735534528,
         0.0025710167996231925
      ],
      "m": [
         1.2366858616721181,
         0.07545673072497092
      ],
      "s0": [
         0.00019877361058269634,
         0.0032190363170203494
      ],
      "noise": [
         2.6131628336377504,
         0.9585631745709258
      ]
   },
   "MCMC": {
      "sig2": [
         9.86691116068682,
         0.36318961722676324
      ],
      "r0": [
         0.04160817565462014,
         0.0024279368741269153
      ],
      "m": [
         1.222146472781525,
         0.07738238926567154
      ],
      "s0": [
         0.0005679509753943766,
         0.0003856426589134557
      ],
      "noise": [
         2.7089157258180987,
         0.14566042807121615
      ]
   },
   "properties": {
      "pix": 0.2,
      "pc": 0.0019877360925490972,
      "box_size": 0.4840019425864055
   },
   "B": [
      2.401970607722958,
      2.7776873780809095,
      2.904456468995784,
      2.8463558596320517,
      2.9667776718755943,
      3.080004994706721,
      3.1548950036803034,
      3.2575386814325547,
      3.4079269412412074,
      3.537001909049887,
      3.6444828956672377,
      3.8468248533047964,
      4.023995295068239,
      4.216156076884707,
      4.427329942274845,
      4.653483664252481,
      4.8805986913510155,
      5.185229518253145,
      5.51375351752904,
      5.858543865752738,
      6.255274595976659,
      6.68504611488087,
      7.149603263786353,
      7.693638156881349,
      8.285892876430982,
      8.946250323872189,
      9.688858804016204,
      10.49874685396158,
      11.36598119497471,
      12.313294373101895,
      13.306216737852393,
      14.365012135712938,
      15.527073263906173,
      16.81128858910907,
      18.231427829041518,
      19.77762329633324,
      21.44454398388448,
      23.183894679460032,
      24.910920063999185,
      26.245910409297945,
      27.048710281152765,
      26.93694869436662,
      25.023599470055636,
      21.82148611646168,
      18.72140711068204,
      17.170785506557642,
      19.115032589926535,
      21.266192570793876,
      22.981695313408306,
      32.69290471415088,
      54.35754288115026
   ],
   "r": [
      0.0009234090527837567,
      0.0017757781961359005,
      0.001992455906811532,
      0.0022355722968254916,
      0.0025083533729644285,
      0.0028144187743766647,
      0.0031578298029845313,
      0.0035431433144933774,
      0.0039754721850981944,
      0.0044605531562443256,
      0.0050048229577010035,
      0.005615503719054661,
      0.006300698802980639,
      0.007069500331942565,
      0.007932109835133414,
      0.008899973616569797,
      0.0099859346405919,
      0.011204402950197359,
      0.012571546879556793,
      0.014105507597984986,
      0.015826639832235718,
      0.017757781961359007,
      0.019924559068115324,
      0.022355722968254915,
      0.025083533729644284,
      0.02814418774376665,
      0.03157829802984532,
      0.035431433144933785,
      0.039754721850981944,
      0.04460553156244328,
      0.05004822957701004,
      0.05615503719054658,
      0.0630069880298064,
      0.07069500331942564,
      0.07932109835133419,
      0.08899973616569797,
      0.09985934640591905,
      0.11204402950197356,
      0.12571546879556794,
      0.14105507597984993,
      0.15826639832235717,
      0.17757781961359018,
      0.19924559068115325,
      0.22355722968254915,
      0.250835337296443,
      0.28144187743766647,
      0.31578298029845336,
      0.3543143314493378,
      0.39754721850981944,
      0.4460553156244328,
      0.5004822957701004
   ],
   "preres": {
      "sig2": 10.591145815682015
   },
   "SFresults": {
      "log10 r": [
         0.0,
         0.05,
         0.1,
         0.15000000000000002,
         0.2,
         0.25,
         0.30000000000000004,
         0.35000000000000003,
         0.4,
         0.45,
         0.5,
         0.55,
         0.6000000000000001,
         0.65,
         0.7000000000000001,
         0.75,
         0.8,
         0.8500000000000001,
         0.9,
         0.9500000000000001,
         1.0,
         1.05,
         1.1,
         1.1500000000000001,
         1.2000000000000002,
         1.25,
         1.3,
         1.35,
         1.4000000000000001,
         1.4500000000000002,
         1.5,
         1.55,
         1.6,
         1.6500000000000001,
         1.7000000000000002,
         1.75,
         1.8,
         1.85,
         1.9000000000000001,
         1.9500000000000002,
         2.0,
         2.0500000000000003,
         2.1,
         2.15,
         2.2,
         2.25,
         2.3000000000000003,
         2.35,
         2.4000000000000004,
         2.45,
         2.5,
         2.5500000000000003,
         2.6,
         2.6500000000000004,
         2.7,
         2.75,
         2.8000000000000003,
         2.85,
         2.9000000000000004,
         2.95,
         3.0,
         3.0500000000000003,
         3.1,
         3.1500000000000004
      ],