{
   "name": "N_II-6583_mask_bin_4",
   "results_1sig": {
      "sig2": [
         8.402758395567009,
         1.1986241952504475,
         0.18787642951618366
      ],
      "r0": [
         0.04355446044412713,
         0.010713315635959932,
         0.00367155959658471
      ],
      "m": [
         0.8768743481833805,
         0.027350951473112062,
         0.18694029449951932
      ],
      "s0": [
         0.0008460884122304449,
         0.002571047664288344,
         7.749546913548189e-05
      ],
      "noise": [
         0.4470427885002176,
         0.4212289230447873,
         0.07018063266440672
      ]
   },
   "results_2sig": {
      "sig2": [
         8.402758395567009,
         2.6073204085421207,
         0.6317101792770101
      ],
      "r0": [
         0.04355446044412713,
         0.03230275181525655,
         0.008181103092758872
      ],
      "m": [
         0.8768743481833805,
         0.10416541174914606,
         0.3180608659753056
      ],
      "s0": [
         0.0008460884122304449,
         0.003729878676607532,
         0.0005330658339539134
      ],
      "noise": [
         0.4470427885002176,
         0.580176764873004,
         0.3384609453868117
      ]
   },
   "LM": {
      "sig2": [
         8.402758395567009,
         0.14193433299360383
      ],
      "r0": [
         0.04355446044412713,
         0.0017062022100437543
      ],
      "m": [
         0.8768743481833805,
         0.022727184975342655
      ],
      "s0": [
         0.0008460884122304449,
         0.0008221028138522226
      ],
      "noise": [
         0.4470427885002176,
         0.3147657542114798
      ]
   },
   "MCMC": {
      "sig2": [
         8.767168906280917,
         0.6743996643345547
      ],
      "r0": [
         0.04532866739388372,
         0.006989298118971386
      ],
      "m": [
         0.8114388273070017,
         0.10604987176299246
      ],
      "s0": [
         0.0018440502656580091,
         0.0012981941610187427
      ],
      "noise": [
         0.6544712843150342,
         0.24286782769191745
      ]
   },
   "properties": {
      "pix": 0.8,
      "pc": 0.0019877360925490972,
      "box_size": 0.6139035312154771,
      "s0": 0.0007596443665792729,
      "sig2": 7.710388270354229
   },
   "B": [
      0.9748772189151035,
      1.7747341615090788,
      1.9764196023480085,
      2.2023564971321097,
      2.4631879316132834,
      2.640300481124237,
      2.86945769140939,
      3.150880294318551,
      3.4117559141976943,
      3.7062151243665475,
      4.030633158396683,
      4.424968457323327,
      4.810329835035443,
      5.221783032617659,
      5.6755139544809365,
      6.171080154581958,
      6.641748966348358,
      7.171694891171004,
      7.688311852071662,
      8.19289293680847,
      8.688560552743477,
      9.195940196639555,
      9.733643802684046,
      10.323993201648046,
      10.950414459106895,
      11.615936003335808,
      12.218947577150466,
      12.714997113784008,
      13.311823728675153,
      14.089176247391785,
      14.924490214379755,
      15.719324097966267,
      16.305850990517563,
      16.58220324534444,
      16.726900340843756,
      16.89222763200236,
      16.978903723490745,
      17.354605292856274,
      16.760844889196274,
      14.751152192191132,
      15.53006593055677,
      17.92407118942862,
      22.51569407366439,
      23.2900504030823,
      11.215437542809296
   ],
   "r": [
      0.002336411431904836,
      0.005028618751822718,
      0.0056422030391939946,
      0.006330655932894286,
      0.007103112784543602,
      0.007969823627246127,
      0.008942289187301966,
      0.010033413491857714,
      0.011257675097506659,
      0.012631319211938125,
      0.01417257325797351,
      0.015901888740392778,
      0.017842212624977302,
      0.020019291830804014,
      0.022462014876218645,
      0.025202795211922556,
      0.02827800132777026,
      0.031728439340533654,
      0.03559989446627919,
      0.0399437385623676,
      0.044817611800789435,
      0.05028618751822717,
      0.056422030391939944,
      0.06330655932894287,
      0.07103112784543603,
      0.0796982362724613,
      0.08942289187301966,
      0.10033413491857714,
      0.1125767509750666,
      0.12631319211938127,
      0.14172573257973514,
      0.15901888740392778,
      0.17842212624977313,
      0.20019291830804015,
      0.22462014876218633,
      0.2520279521192256,
      0.2827800132777026,
      0.31728439340533676,
      0.35599894466279186,
      0.3994373856236762,
      0.44817611800789425,
      0.5028618751822718,
      0.5642203039193997,
      0.6330655932894287,
      0.7103112784543607
   ],
   "preres": {
      "sig2": 7.710388270354229
   },
   "SFresults": {
      "log10 r": [
         0.0,
         0.05,
         0.1,
         0.15000000000000002,
         0.2,
         0.25,
         0.30000000000000004,
         0.35000000000000003,
         0.4,
         0.45,
         0.5,
         0.55,
         0.6000000000000001,
         0.65,
         0.7000000000000001,
         0.75,
         0.8,
         0.8500000000000001,
         0.9,
         0.9500000000000001,
         1.0,
         1.05,
         1.1,
         1.1500000000000001,
         1.2000000000000002,
         1.25,
         1.3,
         1.35,
         1.4000000000000001,
         1.4500000000000002,
         1.5,
         1.55,
         1.6,
         1.6500000000000001,
         1.7000000000000002,
         1.75,
         1.8,
         1.85,
         1.9000000000000001,
         1.9500000000000002,
         2.0,
         2.0500000000000003,
         2.1,
         2.15,
         2.2,
         2.25,
         2.3000000000000003,
         2.35,
         2.4000000000000004,
         2.45,
         2.5,
         2.5500000000000003,
         2.6,
         2.6500000000000004
      ],
      "Sum dv^2": [
         43076.74815291889,
         0.0,
         0.0,
         152661.21385153543,
         0.0,
         0.0,
         491913.74432197405,
         0.0,
         0.0,
         364224.35949973756,
         517492.95942027075,
         572873.1274189797,
         1110084.578240457,
         1584615.5969775259,
         1503907.2331469222,
         2231209.956024582,
         4200227.411376341,
         3801613.8507571504,
         5895398.567812256,
         8568126.497728067,
         13825570.571641583,
         15201965.119416635,
         20861195.534147624,
         31766895.897797428,
         38549978.68281448,
         53755978.23798746,
         74930635.594308,
         97271883.42252694,
         125988972.14069195,
         163496744.9215549,
         224176616.202776,
         274636434.07946444,
         377174155.6587297,
         478250963.48401797,
         624376400.1979934,
         791341615.909623,
         984088988.4236377,
         1248038865.0618305,
         1542683152.313047,
         1918786426.5510511,
         2358920339.3226595,
         2781955896.452242,
         3219841471.782622,
         3606735209.6903806,
         3986233518.6039457,
         4309549178.03149,
         4544056335.773466,
         4250738840.1660233,
         3250788778.386408,
         2524858861.7081656,
         1527361924.5410213,
         599280122.6439172,
         90097490.11417267,
         104460.58527372578
      ],