{
   "name": "N_II-6548_mask_bin_4",
   "results_1sig": {
      "sig2": [
         7.336670368428445,
         0.32946329735222246,
         0.09924644703545038
      ],
      "r0": [
         0.016205310268768487,
         0.0005864127295023974,
         0.0007368558685077985
      ],
      "m": [
         1.0706214205792772,
         0.042400953336292346,
         0.0707530776046752
      ],
      "s0": [
         0.00034560287330089154,
         0.0008272437009807639,
         1.6971986912813581e-06
      ],
      "noise": [
         0.4882905807765791,
         0.4469437346685771,
         0.04194453304344903
      ]
   },
   "results_2sig": {
      "sig2": [
         7.336670368428445,
         0.6340679997085399,
         0.2778806515498706
      ],
      "r0": [
         0.016205310268768487,
         0.0011997879865464842,
         0.001538174311631427
      ],
      "m": [
         1.0706214205792772,
         0.0941445755724033,
         0.13426952857991326
      ],
      "s0": [
         0.00034560287330089154,
         0.001438418192958198,
         0.00012411319949020815
      ],
      "noise": [
         0.4882905807765791,
         0.6207003430959632,
         0.2785438007421242
      ]
   },
   "LM": {
      "sig2": [
         7.336670368428445,
         1.2294024783686244
      ],
      "r0": [
         0.016205310268768487,
         0.004794040876283957
      ],
      "m": [
         1.0706214205792772,
         0.2762742951434638
      ],
      "s0": [
         0.00034560287330089154,
         0.01412120128466231
      ],
      "noise": [
         0.4882905807765791,
         10.337835361258511
      ]
   },
   "MCMC": {
      "sig2": [
         7.432426913576364,
         0.2099156807116791
      ],
      "r0": [
         0.01611808094222915,
         0.0006527671883593327
      ],
      "m": [
         1.0564757908321125,
         0.055729077711881125
      ],
      "s0": [
         0.0006661338950904278,
         0.00040491715814828686
      ],
      "noise": [
         0.6990747181512093,
         0.24134521762133396
      ]
   },
   "properties": {
      "pix": 0.8,
      "pc": 0.0019877360925490972,
      "box_size": 0.4770460608348287,
      "s0": 0.0007596443665792729,
      "sig2": 6.9041858235265865
   },
   "B": [
      1.489682904745207,
      2.9345483652118456,
      3.2953938407683947,
      3.7197729344682733,
      4.154616072705828,
      4.48717075932652,
      4.877977810098738,
      5.326337639688168,
      5.721146180485754,
      6.203494108462091,
      6.6935058525957185,
      7.29146987599782,
      7.836253116740048,
      8.473725894315047,
      9.17679752301189,
      9.929896491547204,
      10.566374248229327,
      11.283339792477884,
      11.965372689058334,
      12.722748829243546,
      13.456029091676308,
      13.988892132393346,
      14.718180259736922,
      15.313686908221705,
      15.472100818390542,
      15.174359467935252,
      14.745409099942263,
      14.472885788499436,
      14.136283495165948,
      13.854374827392903,
      14.205824862128582,
      14.483805534356833,
      14.225249677044838,
      12.599088016397907,
      12.772689977051721,
      14.618603663314572,
      13.324234051394024,
      13.894535524595673,
      17.541998104720115,
      19.51303733776188,
      15.629785685458737,
      256.8185002463143
   ],
   "r": [
      0.002336411431904836,
      0.005028618751822718,
      0.0056422030391939946,
      0.006330655932894286,
      0.007103112784543602,
      0.007969823627246127,
      0.008942289187301966,
      0.010033413491857714,
      0.011257675097506659,
      0.012631319211938125,
      0.01417257325797351,
      0.015901888740392778,
      0.017842212624977302,
      0.020019291830804014,
      0.022462014876218645,
      0.025202795211922556,
      0.02827800132777026,
      0.031728439340533654,
      0.03559989446627919,
      0.0399437385623676,
      0.044817611800789435,
      0.05028618751822717,
      0.056422030391939944,
      0.06330655932894287,
      0.07103112784543603,
      0.0796982362724613,
      0.08942289187301966,
      0.10033413491857714,
      0.1125767509750666,
      0.12631319211938127,
      0.14172573257973514,
      0.15901888740392778,
      0.17842212624977313,
      0.20019291830804015,
      0.22462014876218633,
      0.2520279521192256,
      0.2827800132777026,
      0.31728439340533676,
      0.35599894466279186,
      0.3994373856236762,
      0.44817611800789425,
      0.5028618751822718
   ],
   "preres": {
      "sig2": 6.9041858235265865
   },
   "SFresults": {
      "log10 r": [
         0.0,
         0.05,
         0.1,
         0.15000000000000002,
         0.2,
         0.25,
         0.30000000000000004,
         0.35000000000000003,
         0.4,
         0.45,
         0.5,
         0.55,
         0.6000000000000001,
         0.65,
         0.7000000000000001,
         0.75,
         0.8,
         0.8500000000000001,
         0.9,
         0.9500000000000001,
         1.0,
         1.05,
         1.1,
         1.1500000000000001,
         1.2000000000000002,
         1.25,
         1.3,
         1.35,
         1.4000000000000001,
         1.4500000000000002,
         1.5,
         1.55,
         1.6,
         1.6500000000000001,
         1.7000000000000002,
         1.75,
         1.8,
         1.85,
         1.9000000000000001,
         1.9500000000000002,
         2.0,
         2.0500000000000003,
         2.1,
         2.15,
         2.2,
         2.25,
         2.3000000000000003,
         2.35,
         2.4000000000000004,
         2.45,
         2.5,
         2.5500000000000003
      ],
      "Sum dv^2": [
         11763.454026634967,
         0.0,
         0.0,
         36433.482389972785,
         0.0,
         0.0,
         126073.91777983896,
         0.0,
         0.0,
         94060.55241573638,
         133932.78738826863,
         147541.37303888256,
         284127.41605349013,
         398411.0629081981,
         376864.0105635564,
         549084.6942159543,
         1010017.4276011483,
         893173.899405075,
         1350723.993200102,
         1902367.9918720818,
         2950646.406189914,
         3112834.006828233,
         4112138.1757191,
         6033579.189024904,
         6990666.989842215,
         9258912.231501926,
         12096925.008214502,
         14689433.366194732,
         17872904.832572505,
         21915013.76383861,
         27809120.192346424,
         31747041.22935124,
         39642265.65294918,
         44492501.439412944,
         49704934.606495626,
         52434055.45221249,
         54883585.40903075,
         56967441.31379838,
         58433444.311371945,
         63868237.90831627,
         69231837.29633787,
         76162470.42938708,
         82291686.7252959,
         111033543.19617963,
         152683406.59873885,
         128245006.58756061,
         105093625.93317646,
         68868533.8252771,
         17454607.029001378,
         818625.6550615868,
         6420.462506157856,
         0.0
      ],