{
   "name": "O_III-5007_mask_bin_4",
   "results_1sig": {
      "sig2": [
         10.972947859663286,
         0.6526716029546051,
         0.3032893425307428
      ],
      "r0": [
         0.03972094704088164,
         0.0028012819834225683,
         0.0026015074479687414
      ],
      "m": [
         1.1732821447677821,
         0.06008799431731826,
         0.0923322295519895
      ],
      "s0": [
         0.0003414999876352583,
         0.0014487949950819086,
         -7.607973268791961e-05
      ],
      "noise": [
         0.7204998004788763,
         0.37479056916808595,
         0.05273095617621659
      ]
   },
   "results_2sig": {
      "sig2": [
         10.972947859663286,
         1.1304012657102156,
         0.7369058580555645
      ],
      "r0": [
         0.03972094704088164,
         0.005489792018057334,
         0.005044252305702865
      ],
      "m": [
         1.1732821447677821,
         0.1339236247645661,
         0.16968628022065801
      ],
      "s0": [
         0.0003414999876352583,
         0.002565122214907738,
         0.0001092175050005636
      ],
      "noise": [
         0.7204998004788763,
         0.5448614473029203,
         0.2797305023013985
      ]
   },
   "LM": {
      "sig2": [
         10.972947859663286,
         4.51376053477866
      ],
      "r0": [
         0.03972094704088164,
         0.008659644042420367
      ],
      "m": [
         1.1732821447677821,
         0.3165335197943659
      ],
      "s0": [
         0.0003414999876352583,
         0.03491582215157239
      ],
      "noise": [
         0.7204998004788763,
         10.459683223753023
      ]
   },
   "MCMC": {
      "sig2": [
         11.126366207112483,
         0.4700020343394469
      ],
      "r0": [
         0.0396832220500941,
         0.0026636777102559267
      ],
      "m": [
         1.1546715520410236,
         0.07505451167000443
      ],
      "s0": [
         0.0009184122081674706,
         0.000668439586619376
      ],
      "noise": [
         0.8874515468306003,
         0.21082598471147646
      ]
   },
   "properties": {
      "pix": 0.8,
      "pc": 0.0019877360925490972,
      "box_size": 0.5182039811409099,
      "s0": 0.0007596443665792729,
      "sig2": 11.6069471967576
   },
   "B": [
      1.0942967827194516,
      1.955408329476372,
      2.250301781061171,
      2.469946737292206,
      2.816161775625582,
      2.956403408836987,
      3.2495686487515743,
      3.5873698980758704,
      3.9231991681579603,
      4.26561007310814,
      4.682277436169897,
      5.19050650640434,
      5.728400346702504,
      6.295823753128148,
      6.97019705909832,
      7.700716795328008,
      8.448076624069813,
      9.314038608913657,
      10.251990032965223,
      11.221892554671301,
      12.251594360492287,
      13.283210618085677,
      14.277117966942047,
      15.306085209311318,
      16.50031455181651,
      17.885411575457265,
      19.462137885976144,
      21.1899357060152,
      23.0628213356426,
      25.069339751215683,
      27.086625036285092,
      28.679783253773387,
      29.51638275934483,
      28.952919847946788,
      26.807245640204354,
      24.55827455883478,
      22.98628213270364,
      22.788183969796453,
      19.182595630261435,
      14.650953436638014,
      12.774608101948646,
      16.79603129269098
   ],
   "r": [
      0.002336411431904836,
      0.005028618751822718,
      0.0056422030391939946,
      0.006330655932894286,
      0.007103112784543602,
      0.007969823627246127,
      0.008942289187301966,
      0.010033413491857714,
      0.011257675097506659,
      0.012631319211938125,
      0.01417257325797351,
      0.015901888740392778,
      0.017842212624977302,
      0.020019291830804014,
      0.022462014876218645,
      0.025202795211922556,
      0.02827800132777026,
      0.031728439340533654,
      0.03559989446627919,
      0.0399437385623676,
      0.044817611800789435,
      0.05028618751822717,
      0.056422030391939944,
      0.06330655932894287,
      0.07103112784543603,
      0.0796982362724613,
      0.08942289187301966,
      0.10033413491857714,
      0.1125767509750666,
      0.12631319211938127,
      0.14172573257973514,
      0.15901888740392778,
      0.17842212624977313,
      0.20019291830804015,
      0.22462014876218633,
      0.2520279521192256,
      0.2827800132777026,
      0.31728439340533676,
      0.35599894466279186,
      0.3994373856236762,
      0.44817611800789425,
      0.5028618751822718
   ],
   "preres": {
      "sig2": 11.6069471967576
   },
   "SFresults": {
      "log10 r": [
         0.0,
         0.05,
         0.1,
         0.15000000000000002,
         0.2,
         0.25,
         0.30000000000000004,
         0.35000000000000003,
         0.4,
         0.45,
         0.5,
         0.55,
         0.6000000000000001,
         0.65,
         0.7000000000000001,
         0.75,
         0.8,
         0.8500000000000001,
         0.9,
         0.9500000000000001,
         1.0,
         1.05,
         1.1,
         1.1500000000000001,
         1.2000000000000002,
         1.25,
         1.3,
         1.35,
         1.4000000000000001,
         1.4500000000000002,
         1.5,
         1.55,
         1.6,
         1.6500000000000001,
         1.7000000000000002,
         1.75,
         1.8,
         1.85,
         1.9000000000000001,
         1.9500000000000002,
         2.0,
         2.0500000000000003,
         2.1,
         2.15,
         2.2,
         2.25,
         2.3000000000000003,
         2.35,
         2.4000000000000004,
         2.45,
         2.5,
         2.5500000000000003,
         2.6
      ],
      "Sum dv^2": [
         36439.58598491391,
         0.0,
         0.0,
         113459.62880824106,
         0.0,
         0.0,
         382561.9913267975,
         0.0,
         0.0,
         287555.1950426282,
         398748.8219551513,
         457182.56134929287,
         874086.9809136015,
         1275051.0378557898,
         1185364.0339663723,
         1782290.9167807759,
         3378484.5236507086,
         3093556.316868428,
         4805742.948615458,
         7057367.347944513,
         11507846.02281653,
         12858351.22103167,
         17873963.25578212,
         27735508.419090495,
         34203650.03174799,
         48625997.00587822,
         69170102.3165877,
         92104637.103422,
         122411310.45652622,
         163356657.90881264,
         228886880.8577348,
         283900133.8446934,
         392946344.98290175,
         504672944.77365386,
         670346871.3060032,
         873397574.2230314,
         1128326400.639624,
         1473820372.325706,
         1845051637.502888,
         2303403823.304752,
         2787653451.109116,
         3167724614.895457,
         3377939764.422738,
         3225034481.3161073,
         2889665486.1934047,
         2512004997.2164397,
         2113240773.9697745,
         1300766381.0134645,
         499431106.66022295,
         76368727.81839393,
         1212303.9466438496,
         0.0,
         0.0
      ],