{
   "name": "O_III-4959_mask_bin_4",
   "results_1sig": {
      "sig2": [
         9.046555842627633,
         0.585116792142653,
         0.21870240732251567
      ],
      "r0": [
         0.03659698982977686,
         0.0023750415370954597,
         0.0026560618585824286
      ],
      "m": [
         1.223148718379986,
         0.07706011893283016,
         0.10612069208966424
      ],
      "s0": [
         0.00027188263762762494,
         0.0017241405786756012,
         -0.0001616774504282985
      ],
      "noise": [
         1.0647968678235584,
         0.3913911895091071,
         0.05221352709205496
      ]
   },
   "results_2sig": {
      "sig2": [
         9.046555842627633,
         1.0097942122259411,
         0.5773333520727579
      ],
      "r0": [
         0.03659698982977686,
         0.004858174407498819,
         0.005082138011701362
      ],
      "m": [
         1.223148718379986,
         0.16752951324069,
         0.19246319620842423
      ],
      "s0": [
         0.00027188263762762494,
         0.003113356419200106,
         3.510622812275102e-05
      ],
      "noise": [
         1.0647968678235584,
         0.566030969550172,
         0.2935726145253805
      ]
   },
   "LM": {
      "sig2": [
         9.046555842627633,
         12.092190889030821
      ],
      "r0": [
         0.03659698982977686,
         0.013447756388159869
      ],
      "m": [
         1.223148718379986,
         0.8140984252747809
      ],
      "s0": [
         0.00027188263762762494,
         0.09034255024124148
      ],
      "noise": [
         1.0647968678235584,
         20.625687804448344
      ]
   },
   "MCMC": {
      "sig2": [
         9.205398512321139,
         0.3951356876737435
      ],
      "r0": [
         0.0363492307336859,
         0.002473124591438048
      ],
      "m": [
         1.2049121434057435,
         0.0900057771006324
      ],
      "s0": [
         0.0009832624128347513,
         0.0007580760286040301
      ],
      "noise": [
         1.2395276117864107,
         0.21905459531299765
      ]
   },
   "properties": {
      "pix": 0.8,
      "pc": 0.0019877360925490972,
      "box_size": 0.548384650961298,
      "s0": 0.0007596443665792729,
      "sig2": 10.557918121728111
   },
   "B": [
      1.3190664353085104,
      2.101922314021395,
      2.3663844639579255,
      2.556874011949782,
      2.8686198043234694,
      2.991265640170284,
      3.241145844188527,
      3.5317926359986807,
      3.82506488595869,
      4.124025172460711,
      4.481480467083935,
      4.931098684507465,
      5.406217592771297,
      5.908492388181555,
      6.515592573643882,
      7.174529400948622,
      7.85512848916352,
      8.63268453568473,
      9.491133522492342,
      10.37226341438676,
      11.3102821819482,
      12.277408581428826,
      13.242016071536826,
      14.203055724437718,
      15.1808304774905,
      16.18914724763959,
      17.4203875184827,
      18.822401695914387,
      20.250655766329384,
      21.771249766086992,
      23.448813956636,
      25.008191687230415,
      25.970052770107138,
      26.197956159943647,
      25.275186148051777,
      24.113875403067976,
      22.787918663070528,
      21.64954461869626,
      18.671313467127362,
      13.977119953291432,
      11.784639836352804,
      11.90040406549045,
      6.982608403440328
   ],
   "r": [
      0.002336411431904836,
      0.005028618751822718,
      0.0056422030391939946,
      0.006330655932894286,
      0.007103112784543602,
      0.007969823627246127,
      0.008942289187301966,
      0.010033413491857714,
      0.011257675097506659,
      0.012631319211938125,
      0.01417257325797351,
      0.015901888740392778,
      0.017842212624977302,
      0.020019291830804014,
      0.022462014876218645,
      0.025202795211922556,
      0.02827800132777026,
      0.031728439340533654,
      0.03559989446627919,
      0.0399437385623676,
      0.044817611800789435,
      0.05028618751822717,
      0.056422030391939944,
      0.06330655932894287,
      0.07103112784543603,
      0.0796982362724613,
      0.08942289187301966,
      0.10033413491857714,
      0.1125767509750666,
      0.12631319211938127,
      0.14172573257973514,
      0.15901888740392778,
      0.17842212624977313,
      0.20019291830804015,
      0.22462014876218633,
      0.2520279521192256,
      0.2827800132777026,
      0.31728439340533676,
      0.35599894466279186,
      0.3994373856236762,
      0.44817611800789425,
      0.5028618751822718,
      0.5642203039193997
   ],
   "preres": {
      "sig2": 10.557918121728111
   },
   "SFresults": {
      "log10 r": [
         0.0,
         0.05,
         0.1,
         0.15000000000000002,
         0.2,
         0.25,
         0.30000000000000004,
         0.35000000000000003,
         0.4,
         0.45,
         0.5,
         0.55,
         0.6000000000000001,
         0.65,
         0.7000000000000001,
         0.75,
         0.8,
         0.8500000000000001,
         0.9,
         0.9500000000000001,
         1.0,
         1.05,
         1.1,
         1.1500000000000001,
         1.2000000000000002,
         1.25,
         1.3,
         1.35,
         1.4000000000000001,
         1.4500000000000002,
         1.5,
         1.55,
         1.6,
         1.6500000000000001,
         1.7000000000000002,
         1.75,
         1.8,
         1.85,
         1.9000000000000001,
         1.9500000000000002,
         2.0,
         2.0500000000000003,
         2.1,
         2.15,
         2.2,
         2.25,
         2.3000000000000003,
         2.35,
         2.4000000000000004,
         2.45,
         2.5,
         2.5500000000000003,
         2.6
      ],
      "Sum dv^2": [
         60604.86239010241,
         0.0,
         0.0,
         173162.4107662762,
         0.0,
         0.0,
         537809.2709783124,
         0.0,
         0.0,
         385988.99926768953,
         533999.6696440775,
         598898.7784452555,
         1127640.2473721288,
         1618908.4551897543,
         1495629.828819502,
         2217160.914196513,
         4150410.8387423013,
         3765298.2471155855,
         5803080.781176365,
         8443620.088759381,
         13678172.465909194,
         15196477.59317825,
         21015142.56302012,
         32496876.31864041,
         39945749.312661454,
         56706086.15685807,
         80459140.6164661,
         107165271.27787863,
         142405980.1755596,
         190107351.16718176,
         267094888.6374897,
         332960774.478997,
         462124284.3899125,
         590619515.5758506,
         775737376.1194049,
         1006035235.7871467,
         1299814772.9672155,
         1694274901.5625763,
         2123811953.835251,
         2683869244.97415,
         3339536499.1046357,
         3930022894.7491264,
         4446343448.411576,
         4625775574.886009,
         4584415595.406371,
         4264232166.6899967,
         3745739109.7461586,
         2725289447.7678056,
         1383207923.9764926,
         515970433.1316256,
         76136583.63625579,
         364897.14994698466,
         0.0
      ],