{
   "name": "S_III-9069_mask_bin_4",
   "results_1sig": {
      "sig2": [
         9.90752991605806,
         0.6454392315003261,
         0.27330606139474867
      ],
      "r0": [
         0.04046071837336467,
         0.003673704849447283,
         0.002897785519466234
      ],
      "m": [
         1.0587473638413432,
         0.05056523738181373,
         0.09844487375174804
      ],
      "s0": [
         0.00043558546739998997,
         0.0015994247626185966,
         -2.7309931327388628e-05
      ],
      "noise": [
         0.36127987908463427,
         0.38458504076578176,
         0.03261631804475895
      ]
   },
   "results_2sig": {
      "sig2": [
         9.90752991605806,
         1.1518181464185542,
         0.6756657946549289
      ],
      "r0": [
         0.04046071837336467,
         0.007359995368537896,
         0.00573688821559061
      ],
      "m": [
         1.0587473638413432,
         0.11987231893789208,
         0.18635211026836052
      ],
      "s0": [
         0.00043558546739998997,
         0.002838796256492777,
         0.0001932613439396158
      ],
      "noise": [
         0.36127987908463427,
         0.5380339418176308,
         0.23810417865175582
      ]
   },
   "LM": {
      "sig2": [
         9.90752991605806,
         0.5944892962506341
      ],
      "r0": [
         0.04046071837336467,
         0.005307126324158139
      ],
      "m": [
         1.0587473638413432,
         0.11550906249990839
      ],
      "s0": [
         0.00043558546739998997,
         0.009264579141698218
      ],
      "noise": [
         0.36127987908463427,
         3.483928897596753
      ]
   },
   "MCMC": {
      "sig2": [
         10.062816498830848,
         0.45167793180663107
      ],
      "r0": [
         0.04060937044726272,
         0.003223827376343767
      ],
      "m": [
         1.0342504451057817,
         0.07346076830520426
      ],
      "s0": [
         0.0010406545053903537,
         0.0007665690619798775
      ],
      "noise": [
         0.5478659033063343,
         0.2057508811903115
      ]
   },
   "properties": {
      "pix": 0.8,
      "pc": 0.0019877360925490972,
      "box_size": 0.5657855365178016,
      "s0": 0.0007596443665792729,
      "sig2": 9.70173721722948
   },
   "B": [
      0.8572007877663306,
      1.692010570216108,
      1.9164393265241015,
      2.182533073618587,
      2.4714435922695226,
      2.654888291628742,
      2.9410529834423045,
      3.244304969570888,
      3.526384586974252,
      3.8535153326803675,
      4.231206457458846,
      4.704767378641392,
      5.161541625640444,
      5.659082533492971,
      6.200234639573668,
      6.835882416037334,
      7.50416727718789,
      8.285142399343904,
      9.074583609276386,
      9.898668957021508,
      10.765045203187762,
      11.637801216096166,
      12.476253350317744,
      13.302138986852219,
      14.148950940302187,
      15.010975183908283,
      15.954274677401399,
      16.951992230540213,
      17.97095047362546,
      18.9755160748941,
      19.89270716642241,
      20.92826486720698,
      21.97264931880431,
      22.42913468720145,
      21.871019829453203,
      21.66929609445409,
      21.542325555672022,
      21.477384628558962,
      19.68969981625112,
      15.473641789953344,
      16.75831814982746,
      22.79139968087943,
      41.82652860746401,
      8.62785963541667
   ],
   "r": [
      0.002336411431904836,
      0.005028618751822718,
      0.0056422030391939946,
      0.006330655932894286,
      0.007103112784543602,
      0.007969823627246127,
      0.008942289187301966,
      0.010033413491857714,
      0.011257675097506659,
      0.012631319211938125,
      0.01417257325797351,
      0.015901888740392778,
      0.017842212624977302,
      0.020019291830804014,
      0.022462014876218645,
      0.025202795211922556,
      0.02827800132777026,
      0.031728439340533654,
      0.03559989446627919,
      0.0399437385623676,
      0.044817611800789435,
      0.05028618751822717,
      0.056422030391939944,
      0.06330655932894287,
      0.07103112784543603,
      0.0796982362724613,
      0.08942289187301966,
      0.10033413491857714,
      0.1125767509750666,
      0.12631319211938127,
      0.14172573257973514,
      0.15901888740392778,
      0.17842212624977313,
      0.20019291830804015,
      0.22462014876218633,
      0.2520279521192256,
      0.2827800132777026,
      0.31728439340533676,
      0.35599894466279186,
      0.3994373856236762,
      0.44817611800789425,
      0.5028618751822718,
      0.5642203039193997,
      0.6330655932894287
   ],
   "preres": {
      "sig2": 9.70173721722948
   },
   "SFresults": {
      "log10 r": [
         0.0,
         0.05,
         0.1,
         0.15000000000000002,
         0.2,
         0.25,
         0.30000000000000004,
         0.35000000000000003,
         0.4,
         0.45,
         0.5,
         0.55,
         0.6000000000000001,
         0.65,
         0.7000000000000001,
         0.75,
         0.8,
         0.8500000000000001,
         0.9,
         0.9500000000000001,
         1.0,
         1.05,
         1.1,
         1.1500000000000001,
         1.2000000000000002,
         1.25,
         1.3,
         1.35,
         1.4000000000000001,
         1.4500000000000002,
         1.5,
         1.55,
         1.6,
         1.6500000000000001,
         1.7000000000000002,
         1.75,
         1.8,
         1.85,
         1.9000000000000001,
         1.9500000000000002,
         2.0,
         2.0500000000000003,
         2.1,
         2.15,
         2.2,
         2.25,
         2.3000000000000003,
         2.35,
         2.4000000000000004,
         2.45,
         2.5,
         2.5500000000000003,
         2.6,
         2.6500000000000004
      ],
      "Sum dv^2": [
         35862.80310361108,
         0.0,
         0.0,
         122741.16748282468,
         0.0,
         0.0,
         435868.834552778,
         0.0,
         0.0,
         341565.8747003089,
         478866.063540282,
         540173.3378920628,
         1071896.5557809286,
         1552748.6943767266,
         1478629.4144694614,
         2240279.4659185563,
         4245507.216095373,
         3866003.6337765683,
         6039105.916886026,
         8878928.647383483,
         14539688.383231416,
         16169669.843017958,
         22451527.134758137,
         34531140.384747535,
         42580260.4012571,
         60715204.3771448,
         86806659.83831944,
         115539658.44378625,
         153796896.51353863,
         205428905.48053354,
         288544768.81498796,
         358930343.21181256,
         496957656.59964,
         633759414.3473892,
         830289776.3588432,
         1066299369.1872901,
         1359588630.8555176,
         1755251234.68645,
         2173600603.1366982,
         2686940760.042793,
         3312266399.1950216,
         3969137395.4103723,
         4611874928.716869,
         4941963480.376221,
         5198954314.206489,
         5244251518.774207,
         4907351226.5349655,
         3823179965.5295916,
         2197046182.0148525,
         1283778838.277063,
         413897880.71708554,
         26523121.973622296,
         284.7193679687501,
         0.0
      ],